[{"model": "auth.group", "pk": 1, "fields": {"name": "administradores", "permissions": [29, 30, 31, 32, 33, 34, 35, 36, 1, 2, 3, 4, 9, 10, 11, 12, 5, 6, 7, 8, 13, 14, 15, 16, 45, 46, 47, 48, 17, 18, 19, 20, 41, 42, 43, 44, 37, 38, 39, 40, 21, 22, 23, 24, 25, 26, 27, 28, 53, 54, 55, 56, 49, 50, 51, 52]}}, {"model": "auth.group", "pk": 2, "fields": {"name": "stock", "permissions": [41, 42, 43, 44, 37, 38, 39, 40]}}, {"model": "auth.group", "pk": 3, "fields": {"name": "ventas", "permissions": [45, 46, 47, 48, 53, 54, 55, 56, 49, 50, 51, 52]}}, {"model": "auth.user", "pk": 1, "fields": {"password": "pbkdf2_sha256$1000000$vkYFINKYXBFzKyAoYx5vBT$SxnrVN6ghkvH3WpMNvvDHZfOhZFsDboayZeqkEZHQpI=", "last_login": "2025-11-17T10:35:32.367Z", "is_superuser": true, "username": "cesaradmin", "first_name": "", "last_name": "", "email": "cesar@sadgfasd.com", "is_staff": true, "is_active": true, "date_joined": "2025-11-14T23:02:31Z", "groups": [1], "user_permissions": []}}, {"model": "auth.user", "pk": 2, "fields": {"password": "pbkdf2_sha256$1000000$PwYn12spbSs5yOlRmGkFe7$b0ll+8/YGE0uPCJBedX8Zv1T/1Qclqn9AuJHBoYEYgY=", "last_login": "2025-11-15T19:04:38.866Z", "is_superuser": false, "username": "usuario_stock", "first_name": "", "last_name": "", "email": "", "is_staff": false, "is_active": true, "date_joined": "2025-11-15T02:01:31Z", "groups": [2], "user_permissions": []}}, {"model": "auth.user", "pk": 3, "fields": {"password": "pbkdf2_sha256$1000000$2b9ycfguVjTzHc1Y871mPQ$LDyYyC38i16Rmgcih6kh2gjUZhLtiiPNaTe7a8D8LE4=", "last_login": "2025-11-15T19:08:07.563Z", "is_superuser": false, "username": "usuario_ventas", "first_name": "", "last_name": "", "email": "", "is_staff": false, "is_active": true, "date_joined": "2025-11-15T02:03:22Z", "groups": [3], "user_permissions": []}}, {"model": "sessions.session", "pk": "4n8uojellyfqu6me79ypirjm2h0e7j1e", "fields": {"session_data": ".eJxVkEFuxCAMRe_idRTBQELJsvs5QVVFxpCGtoERJmqr0dy9oZ3N7L78nr8lXwGJ8p7qjHtdQ6qRsMac5i3UNXuG6eUK_xkmuCDzVy4eOsAKkzSjUmKQYuyfpFTKmA52DiXhFg6bAmNBv8UEt9cO_i7Mjc-xlUl4mDmkj5Aa8O-Y3nJPOdUSXd-U_k65P2cfPp_v7kPBirwe28IYpT1pKTWerHaWjrSMi_WLUSdtrV6UIU8SpTNCD8bpBochkLYoTSvlwNyeEL4vsfzAJG6_Q-Jhmw:1vKeCw:E9sDjORnx0NlfXOT-r0pmYkn1dC6nQqLJOtLat7MH6c", "expire_date": "2025-11-30T14:58:26.843Z"}}, {"model": "sessions.session", "pk": "haxwt2tz2u19cyturpy49o2tqcg1spoz", "fields": {"session_data": ".eJxVkMFuxCAMRP_F5ygKCwklx973C6oqMoY0tA2sMFFbrfbfC-1e9jbyG49HvgISpSOWBY-y-VgCYQkpLrsvW3IM88sV_jXMcEHmr5QddIAFZqEnKfWo5amX0_CktezgYJ8j7r66yTNmdHuIcHvt4O_C0vgSWpiAh5lF-vCxAfeO8S31lGLJwfbN0t8p9-fk_Ofz3fsQsCFvdXuoNZQjJYTCk1HWUFXrtBq31qLKGLVKTY4ECqsHNWqrGhxHT8qg0C2UPXN7gv--hPwD83D7BVIbYas:1vKwa4:7_g3-WNCeotBy8TihKrSVLM_hs72CsEQUFJZItNrB-8", "expire_date": "2025-12-01T10:35:32.375Z"}}, {"model": "sessions.session", "pk": "jfdwvt53wce75xwnj804bexr2jq4wqfp", "fields": {"session_data": ".eJxVkMFuwyAMht_F5ygKwQkjx937BNMUGUMWtgUqIGqnqu--sPXS2y9_n39LvgExxz2UmfayulA8U_ExzJsra7QZprcb_GeY4Ew5X2Ky0AAVmIQapZQvGvt2HHuhdQN7dinQ5g6ZXaZEdvMB7u8N_B2YK5997RLwNDPEXy5UYD8pfMSWYyjJm7Yq7YPm9hSt-359uE8FK-X12O6UkmgZhUDqNRrNR1rGRdtFyR61xkUqtixIGNXhoAxWOAyOUZNQtTS7nOsP3PXs0w9M3f0XEC1hfA:1vKn0g:D2IShC8rT42_c2LbaJWy1LKmyj2yUDo6B6astitSuFA", "expire_date": "2025-12-01T00:22:22.672Z"}}, {"model": "sites.site", "pk": 1, "fields": {"domain": "example.com", "name": "example.com"}}, {"model": "productos.producto", "pk": 1, "fields": {"sku": "1", "nombre": "pepitos", "descripcion": "galletas", "precio": "500.00", "stock": 1, "stock_minimo": 5, "imagen": "", "fecha_creacion": "2025-11-14T01:41:35.957Z", "fecha_actualizacion": "2025-11-16T23:11:51.560Z"}}, {"model": "productos.producto", "pk": 2, "fields": {"sku": "2", "nombre": "pop", "descripcion": "chicle", "precio": "0.06", "stock": 7, "stock_minimo": 5, "imagen": "", "fecha_creacion": "2025-11-14T01:42:19.022Z", "fecha_actualizacion": "2025-11-16T15:41:07.477Z"}}, {"model": "productos.producto", "pk": 3, "fields": {"sku": "3", "nombre": "coca", "descripcion": "gaseosa", "precio": "1000.00", "stock": 200, "stock_minimo": 100, "imagen": "", "fecha_creacion": "2025-11-16T19:48:40.336Z", "fecha_actualizacion": "2025-11-16T19:48:40.336Z"}}, {"model": "productos.producto", "pk": 4, "fields": {"sku": "4", "nombre": "pepsi", "descripcion": "gaseosa", "precio": "2000.00", "stock": 50, "stock_minimo": 5, "imagen": "", "fecha_creacion": "2025-11-16T19:49:11.518Z", "fecha_actualizacion": "2025-11-16T19:49:11.518Z"}}, {"model": "productos.producto", "pk": 5, "fields": {"sku": "5", "nombre": "shot", "descripcion": "chocolate", "precio": "600.00", "stock": 59, "stock_minimo": 5, "imagen": "", "fecha_creacion": "2025-11-16T19:49:49.613Z", "fecha_actualizacion": "2025-11-16T22:57:04.659Z"}}, {"model": "productos.producto", "pk": 6, "fields": {"sku": "7", "nombre": "listerine", "descripcion": "enjuague bucal", "precio": "6000.00", "stock": 15, "stock_minimo": 2, "imagen": "", "fecha_creacion": "2025-11-16T19:50:50.216Z", "fecha_actualizacion": "2025-11-16T22:41:19.790Z"}}, {"model": "productos.producto", "pk": 8, "fields": {"sku": "10", "nombre": "rosamonte", "descripcion": "yerba", "precio": "5000.00", "stock": 20, "stock_minimo": 1, "imagen": "", "fecha_creacion": "2025-11-16T19:51:58.353Z", "fecha_actualizacion": "2025-11-16T19:51:58.353Z"}}, {"model": "productos.producto", "pk": 9, "fields": {"sku": "15", "nombre": "Serenisima", "descripcion": "Lacteo", "precio": "1200.00", "stock": 11, "stock_minimo": 1, "imagen": "", "fecha_creacion": "2025-11-16T20:13:55.285Z", "fecha_actualizacion": "2025-11-16T20:13:55.285Z"}}, {"model": "productos.producto", "pk": 10, "fields": {"sku": "6165165465", "nombre": "Celusal", "descripcion": "Almacen", "precio": "2000.00", "stock": 20, "stock_minimo": 5, "imagen": "", "fecha_creacion": "2025-11-16T23:32:50.659Z", "fecha_actualizacion": "2025-11-16T23:32:50.659Z"}}, {"model": "productos.movimientostock", "pk": 1, "fields": {"producto": 1, "tipo": "entrada", "cantidad": 7, "motivo": "Stock inicial", "fecha": "2025-11-14T01:41:35.962Z", "usuario": "Sistema"}}, {"model": "productos.movimientostock", "pk": 2, "fields": {"producto": 2, "tipo": "entrada", "cantidad": 9, "motivo": "Stock inicial", "fecha": "2025-11-14T01:42:19.030Z", "usuario": "Sistema"}}, {"model": "productos.movimientostock", "pk": 3, "fields": {"producto": 1, "tipo": "entrada", "cantidad": 6, "motivo": null, "fecha": "2025-11-14T11:53:10.955Z", "usuario": "Sistema"}}, {"model": "productos.movimientostock", "pk": 4, "fields": {"producto": 3, "tipo": "entrada", "cantidad": 200, "motivo": "Stock inicial", "fecha": "2025-11-16T19:48:40.345Z", "usuario": "cesaradmin"}}, {"model": "productos.movimientostock", "pk": 5, "fields": {"producto": 4, "tipo": "entrada", "cantidad": 50, "motivo": "Stock inicial", "fecha": "2025-11-16T19:49:11.520Z", "usuario": "cesaradmin"}}, {"model": "productos.movimientostock", "pk": 6, "fields": {"producto": 5, "tipo": "entrada", "cantidad": 60, "motivo": "Stock inicial", "fecha": "2025-11-16T19:49:49.614Z", "usuario": "cesaradmin"}}, {"model": "productos.movimientostock", "pk": 7, "fields": {"producto": 6, "tipo": "entrada", "cantidad": 20, "motivo": "Stock inicial", "fecha": "2025-11-16T19:50:50.219Z", "usuario": "cesaradmin"}}, {"model": "productos.movimientostock", "pk": 9, "fields": {"producto": 8, "tipo": "entrada", "cantidad": 20, "motivo": "Stock inicial", "fecha": "2025-11-16T19:51:58.355Z", "usuario": "cesaradmin"}}, {"model": "productos.movimientostock", "pk": 10, "fields": {"producto": 9, "tipo": "entrada", "cantidad": 11, "motivo": "Stock inicial", "fecha": "2025-11-16T20:13:55.288Z", "usuario": "cesaradmin"}}, {"model": "productos.movimientostock", "pk": 11, "fields": {"producto": 10, "tipo": "entrada", "cantidad": 20, "motivo": "Stock inicial", "fecha": "2025-11-16T23:32:50.661Z", "usuario": "cesaradmin"}}, {"model": "clientes.cliente", "pk": 2, "fields": {"nombre": "Carolo", "apellido": "Caroya", "numero_documento": "65465466", "email": "caro@klsdflkas.com", "telefono": "61651651", "direccion": "Provincias desunidads"}}, {"model": "clientes.cliente", "pk": 3, "fields": {"nombre": "federico", "apellido": "girotti", "numero_documento": "656545615", "email": "tetera@casicasi.com", "telefono": "654654564", "direccion": "De las pampas"}}, {"model": "clientes.cliente", "pk": 4, "fields": {"nombre": "Ruben", "apellido": "Botta", "numero_documento": "6465456456", "email": "tallarin@jardin.com", "telefono": "6655666", "direccion": "La pisada"}}, {"model": "clientes.cliente", "pk": 5, "fields": {"nombre": "juan roman", "apellido": "riquelme", "numero_documento": "46561666", "email": "elultimo10@boquita.com", "telefono": "5645644", "direccion": "la bombonera"}}, {"model": "clientes.cliente", "pk": 6, "fields": {"nombre": "Cesar", "apellido": "Quintero", "numero_documento": "56263158", "email": "cesarq.089@live.com", "telefono": "98987515641", "direccion": "Av. Medina Allende, X5000 Córdoba"}}, {"model": "clientes.cliente", "pk": 7, "fields": {"nombre": "Cesar", "apellido": "sutella", "numero_documento": "6546546512", "email": "cesarq.089@unknow.com", "telefono": "3216854696", "direccion": "Son hijos nuestros"}}, {"model": "clientes.cliente", "pk": 8, "fields": {"nombre": "Jose la chanchita", "apellido": "Fernandez", "numero_documento": "654656666", "email": "exjugador@xn--leador-xwa.com", "telefono": "3624968696", "direccion": "N/N"}}, {"model": "clientes.cliente", "pk": 9, "fields": {"nombre": "Ever", "apellido": "Luedueña", "numero_documento": "15616516", "email": "17fracturas@3delmismoequipo.com", "telefono": "654984654", "direccion": "Tapiales, Gran Buenos Aires"}}, {"model": "ventas.venta", "pk": 1, "fields": {"codigo": "123456", "cliente": 2, "fecha": "2025-11-14T20:50:40.642Z", "total": "1.06"}}, {"model": "ventas.venta", "pk": 2, "fields": {"codigo": "123457", "cliente": 2, "fecha": "2025-11-14T21:02:41.288Z", "total": "700.00"}}, {"model": "ventas.venta", "pk": 3, "fields": {"codigo": "123458", "cliente": 2, "fecha": "2025-11-14T21:08:32.950Z", "total": "600.00"}}, {"model": "ventas.venta", "pk": 4, "fields": {"codigo": "123459", "cliente": 2, "fecha": "2025-11-16T15:41:07.470Z", "total": "500.00"}}, {"model": "ventas.venta", "pk": 5, "fields": {"codigo": "256656", "cliente": 8, "fecha": "2025-11-16T22:41:19.783Z", "total": "25000.00"}}, {"model": "ventas.venta", "pk": 8, "fields": {"codigo": "654654654654", "cliente": 4, "fecha": "2025-11-16T22:57:04.656Z", "total": "100.00"}}, {"model": "ventas.itemventa", "pk": 1, "fields": {"venta": 1, "producto": 1, "cantidad": 2, "precio_unitario": "0.53", "subtotal": "1.06"}}, {"model": "ventas.itemventa", "pk": 2, "fields": {"venta": 2, "producto": 2, "cantidad": 1, "precio_unitario": "100.00", "subtotal": "100.00"}}, {"model": "ventas.itemventa", "pk": 3, "fields": {"venta": 2, "producto": 1, "cantidad": 2, "precio_unitario": "300.00", "subtotal": "600.00"}}, {"model": "ventas.itemventa", "pk": 4, "fields": {"venta": 3, "producto": 1, "cantidad": 6, "precio_unitario": "100.00", "subtotal": "600.00"}}, {"model": "ventas.itemventa", "pk": 5, "fields": {"venta": 4, "producto": 1, "cantidad": 2, "precio_unitario": "100.00", "subtotal": "200.00"}}, {"model": "ventas.itemventa", "pk": 6, "fields": {"venta": 4, "producto": 2, "cantidad": 1, "precio_unitario": "300.00", "subtotal": "300.00"}}, {"model": "ventas.itemventa", "pk": 7, "fields": {"venta": 5, "producto": 6, "cantidad": 5, "precio_unitario": "5000.00", "subtotal": "25000.00"}}, {"model": "ventas.itemventa", "pk": 10, "fields": {"venta": 8, "producto": 5, "cantidad": 1, "precio_unitario": "100.00", "subtotal": "100.00"}}]